round,slice,frame,object_ref,cell,what,why,severity,owner,rule_id,evidence,action,rules_version,note
calib,C0,adasind_019560.jpg,L2,na,SPURIOUS,,P1,,R01,"Box nhỏ hơn H=40px",,v1.0.0,"Calib finding"
calib,C0,adasind_019560.jpg,L3,na,SPURIOUS,,P1,,R01,"Box nhỏ hơn H=40px",,v1.0.0,"Calib finding"
calib,C0,adasind_019560.jpg,R5,na,MISSING,,P1,,R01,"Thiếu xe ba bánh H>=40px",,v1.0.0,"Calib finding"
r1_craft,B4-mid,adasind_261480.jpg,L2+R2,LRM,ATTRIBUTE,E1_annotator_error,P2,annotator,R05,"Bike box meets left image boundary",rework,v1.0.0,"Craft self-QC"
r1_craft,B4-mid,adasind_261480.jpg,L4+R7,LRM,ATTRIBUTE,E1_annotator_error,P2,annotator,R05,"Bike box meets right image boundary",rework,v1.0.0,"Craft self-QC"
r1_craft,B4-mid,adasind_265065.jpg,L2,L_only,SPURIOUS,E1_annotator_error,P1,annotator,R01,"Box thừa ở vùng mid",rework,v1.0.0,"Craft self-QC"
r2_qa,B4-mid,adasind_265065.jpg,L5,L_only,BOX_GEOMETRY,,P2,annotator,R02,"Box L5 chưa bám sát visible extent",rework,v1.0.0,"QA observation"
r2_qa,B4-mid,adasind_261480.jpg,L2,L_only,ATTRIBUTE,,P2,annotator,R05,"Bike box truncation mismatch",rework,v1.0.0,"QA observation"
r2_qa,B4-mid,adasind_261480.jpg,L4,L_only,ATTRIBUTE,,P2,annotator,R05,"Bike box truncation mismatch",rework,v1.0.0,"QA observation"
r3_diag,B4-mid,adasind_249480.jpg,M2,M_only,SPURIOUS,E4_model_domain,P1,ai_team,R01,"Model spurious object",escalate,v1.0.0,"Diag"
r3_diag,B4-mid,adasind_249480.jpg,M2,M_only,SPURIOUS,E4_model_domain,P1,ai_team,R01,"Model spurious object",escalate,v1.0.0,"Diag"
r3_diag,B4-mid,adasind_261480.jpg,L8+R6,LR_noM,MISSING,E4_model_domain,P1,ai_team,R01,"Model missing object",escalate,v1.0.0,"Diag"
r3_diag,B4-mid,adasind_265065.jpg,R7,RM_noL,MISSING,E0_reference_defect,P1,guideline,R01,"Reference defect",escalate,v1.0.0,"Diag"
r3_diag,B4-mid,adasind_261480.jpg,L3,LM_noR,SPURIOUS,E4_model_domain,P1,ai_team,R01,"Model false positive",escalate,v1.0.0,"Diag"
r3_diag,B4-mid,adasind_265065.jpg,L2,M_only,SPURIOUS,E4_model_domain,P1,ai_team,R01,"Model false positive",escalate,v1.0.0,"Diag"
r3_diag,B4-mid,adasind_261480.jpg,L7,LRM,MISSING,E4_model_domain,P1,ai_team,R01,"Model missing object",escalate,v1.0.0,"Diag"
r3_diag,B4-mid,adasind_265065.jpg,R6,LR_noM,MISSING,E4_model_domain,P1,ai_team,R01,"Model missing object",escalate,v1.0.0,"Diag"
r3_diag,B4-mid,adasind_249480.jpg,M2,M_only,SPURIOUS,E4_model_domain,P1,ai_team,R01,"Model spurious object center",escalate,v1.0.0,"Diag center"
r3_diag,B4-mid,adasind_261480.jpg,L8+R6,LR_noM,MISSING,E4_model_domain,P1,ai_team,R01,"Model missing object mid",escalate,v1.0.0,"Diag mid"
r3_diag,B4-mid,adasind_265065.jpg,R7,RM_noL,MISSING,E0_reference_defect,P1,guideline,R01,"Reference defect edge",escalate,v1.0.0,"Diag edge"